{"branches": 64.48598130841121, "coverage": 87.512971290211}