{"branches": 68.39622641509435, "coverage": 90.35936420179682}