{"branches": 63.63636363636363, "coverage": 87.31138545953361}