{"branches": 63.63636363636363, "coverage": 87.35042735042735}