{"branches": 67.85714285714286, "coverage": 90.1940401940402}