{"branches": 68.80733944954129, "coverage": 90.54237288135593}