{"branches": 58.82352941176471, "coverage": 77.30578993308117}