{"branches": 62.20472440944882, "coverage": 83.47083087802002}