{"branches": 54.109589041095894, "coverage": 74.64907355418305}