{"branches": 57.194244604316545, "coverage": 75.93066211992043}