{"branches": 68.42105263157895, "coverage": 90.43595809395066}