{"branches": 63.70967741935484, "coverage": 83.7174940898345}