{"branches": 67.72727272727272, "coverage": 90.37881327522628}