{"branches": 67.7570093457944, "coverage": 89.40170940170941}