{"branches": 63.49206349206349, "coverage": 83.68127021464275}