{"branches": 68.34862385321101, "coverage": 90.57432432432432}