{"branches": 62.698412698412696, "coverage": 81.90562067929065}