{"branches": 65.87301587301587, "coverage": 84.74625990026401}