{"branches": 63.77952755905512, "coverage": 83.85385975250442}