{"branches": 58.02919708029197, "coverage": 76.1986301369863}