{"branches": 57.35294117647059, "coverage": 76.92755309863253}