{"branches": 67.11711711711712, "coverage": 89.12396694214875}