{"branches": 67.85714285714286, "coverage": 90.24137931034483}