{"branches": 68.01801801801803, "coverage": 90.08403361344538}