{"branches": 58.63309352517986, "coverage": 76.84757505773672}