{"branches": 63.306451612903224, "coverage": 83.3628841607565}