{"branches": 68.34862385321101, "coverage": 90.53916581892166}