{"branches": 58.02919708029197, "coverage": 76.84729064039408}